video_name,tag
a1_4_upsampled.mp4,nude
f8_1_downsampled.mp4,nude
b12_2_upsampled.mp4,nude
d5_4_downsampled.mp4,nude
e9_1_downsampled.mp4,nude
d8_4_upsampled.mp4,nude
e6_3_upsampled.mp4,nude
b6_3_downsampled.mp4,nude
e7_3_downsampled.mp4,nude
e9_0_downsampled.mp4,nude
f5_2_downsampled.mp4,nude
d9_4_downsampled.mp4,nude
e2_0_downsampled.mp4,nude
a7_1_downsampled.mp4,nude
c3_2_downsampled.mp4,nude
e5_3_upsampled.mp4,nude
b8_3_upsampled.mp4,nude
d7_4_downsampled.mp4,nude
c3_1_upsampled.mp4,nude
d6_1_downsampled.mp4,nude
e10_4_upsampled.mp4,nude
f11_0_upsampled.mp4,nude
e10_1_downsampled.mp4,nude
b3_0_downsampled.mp4,nude
b14_1_downsampled.mp4,nude
f6_2_upsampled.mp4,nude
f9_0_upsampled.mp4,nude
e6_2_downsampled.mp4,nude
c2_0_upsampled.mp4,nude
c6_0_upsampled.mp4,nude
e3_2_upsampled.mp4,nude
e15_3_upsampled.mp4,nude
d6_4_downsampled.mp4,nude
b7_2_downsampled.mp4,nude
d5_0_downsampled.mp4,nude
b8_3_downsampled.mp4,nude
e5_0_downsampled.mp4,nude
a7_2_upsampled.mp4,nude
d6_1_upsampled.mp4,nude
d3_0_downsampled.mp4,nude
c3_3_upsampled.mp4,nude
d3_0_upsampled.mp4,nude
e10_3_downsampled.mp4,nude
c2_3_downsampled.mp4,nude
b14_2_downsampled.mp4,nude
e13_1_upsampled.mp4,nude
d8_0_downsampled.mp4,nude
e1_3_upsampled.mp4,nude
e3_3_downsampled.mp4,nude
b5_0_upsampled.mp4,nude
a1_2_downsampled.mp4,nude
d7_4_upsampled.mp4,nude
d1_0_downsampled.mp4,nude
d1_2_upsampled.mp4,nude
c5_0_upsampled.mp4,nude
d7_2_upsampled.mp4,nude
d9_4_upsampled.mp4,nude
b14_1_upsampled.mp4,nude
e13_0_downsampled.mp4,nude
d1_1_upsampled.mp4,nude
f8_3_downsampled.mp4,nude
e11_2_upsampled.mp4,nude
f4_1_upsampled.mp4,nude
b2_2_upsampled.mp4,nude
f10_3_downsampled.mp4,nude
e3_1_downsampled.mp4,nude
e4_2_upsampled.mp4,nude
e16_1_upsampled.mp4,nude
e1_0_downsampled.mp4,nude
e7_4_upsampled.mp4,nude
a4_0_downsampled.mp4,nude
f9_4_downsampled.mp4,nude
e5_1_upsampled.mp4,nude
e15_0_upsampled.mp4,nude
e14_2_upsampled.mp4,nude
f2_4_downsampled.mp4,nude
d2_0_upsampled.mp4,nude
d2_4_downsampled.mp4,nude
e3_2_downsampled.mp4,nude
f1_1_downsampled.mp4,nude
f1_1_upsampled.mp4,nude
b2_0_upsampled.mp4,nude
a7_4_upsampled.mp4,nude
e12_3_upsampled.mp4,nude
b10_0_downsampled.mp4,nude
b11_4_upsampled.mp4,nude
e13_4_upsampled.mp4,nude
a4_0_upsampled.mp4,nude
b15_4_upsampled.mp4,nude
e12_4_downsampled.mp4,nude
e9_1_upsampled.mp4,nude
e15_0_downsampled.mp4,nude
c6_4_downsampled.mp4,nude
e1_4_downsampled.mp4,nude
b13_3_downsampled.mp4,nude
d7_3_downsampled.mp4,nude
a3_3_downsampled.mp4,nude
d1_2_downsampled.mp4,nude
e12_2_upsampled.mp4,nude
b15_4_downsampled.mp4,nude
e12_1_upsampled.mp4,nude
b11_0_downsampled.mp4,nude
d1_4_upsampled.mp4,nude
a5_1_upsampled.mp4,nude
b5_0_downsampled.mp4,nude
a6_4_downsampled.mp4,nude
a2_0_upsampled.mp4,nude
b10_2_upsampled.mp4,nude
b1_4_downsampled.mp4,nude
a7_4_downsampled.mp4,nude
f1_3_downsampled.mp4,nude
e13_0_upsampled.mp4,nude
e13_3_upsampled.mp4,nude
f10_2_downsampled.mp4,nude
a5_4_upsampled.mp4,nude
a6_0_downsampled.mp4,nude
e5_4_downsampled.mp4,nude
f7_3_upsampled.mp4,nude
a3_2_downsampled.mp4,nude
f8_4_upsampled.mp4,nude
c3_0_upsampled.mp4,nude
b3_1_upsampled.mp4,nude
b4_3_downsampled.mp4,nude
b7_0_upsampled.mp4,nude
c1_2_downsampled.mp4,nude
f1_2_downsampled.mp4,nude
b13_0_upsampled.mp4,nude
e13_4_downsampled.mp4,nude
d3_4_upsampled.mp4,nude
b5_2_upsampled.mp4,nude
d4_2_upsampled.mp4,nude
f9_2_upsampled.mp4,nude
c2_3_upsampled.mp4,nude
e10_2_downsampled.mp4,nude
e14_0_upsampled.mp4,nude
f10_2_upsampled.mp4,nude
e7_1_upsampled.mp4,nude
e14_1_downsampled.mp4,nude
e4_4_downsampled.mp4,nude
d8_1_downsampled.mp4,nude
b4_2_upsampled.mp4,nude
d7_2_downsampled.mp4,nude
c4_3_upsampled.mp4,nude
b6_3_upsampled.mp4,nude
d2_0_downsampled.mp4,nude
e6_4_downsampled.mp4,nude
c4_0_downsampled.mp4,nude
d3_1_downsampled.mp4,nude
f3_1_downsampled.mp4,nude
b9_3_downsampled.mp4,nude
d4_4_downsampled.mp4,nude
d7_3_upsampled.mp4,nude
b1_1_downsampled.mp4,nude
e6_2_upsampled.mp4,nude
f5_0_downsampled.mp4,nude
d9_0_downsampled.mp4,nude
b9_4_downsampled.mp4,nude
c6_2_upsampled.mp4,nude
b11_3_downsampled.mp4,nude
b7_2_upsampled.mp4,nude
b14_4_downsampled.mp4,nude
b4_1_upsampled.mp4,nude
b10_2_downsampled.mp4,nude
f9_4_upsampled.mp4,nude
b8_0_downsampled.mp4,nude
a5_2_downsampled.mp4,nude
e8_4_downsampled.mp4,nude
c2_4_upsampled.mp4,nude
f7_3_downsampled.mp4,nude
e5_3_downsampled.mp4,nude
b10_1_downsampled.mp4,nude
f3_4_upsampled.mp4,nude
e2_4_downsampled.mp4,nude
f10_4_upsampled.mp4,nude
e2_3_downsampled.mp4,nude
b6_4_downsampled.mp4,nude
a4_4_upsampled.mp4,nude
f6_1_downsampled.mp4,nude
b10_3_downsampled.mp4,nude
f2_2_upsampled.mp4,nude
e16_4_upsampled.mp4,nude
b12_1_upsampled.mp4,nude
f9_3_upsampled.mp4,nude
e14_4_downsampled.mp4,nude
c1_4_downsampled.mp4,nude
b2_3_downsampled.mp4,nude
b5_2_downsampled.mp4,nude
f9_1_upsampled.mp4,nude
e3_4_upsampled.mp4,nude
a2_4_upsampled.mp4,nude
c4_1_upsampled.mp4,nude
d9_2_upsampled.mp4,nude
a7_2_downsampled.mp4,nude
d1_1_downsampled.mp4,nude
e6_0_upsampled.mp4,nude
c5_4_upsampled.mp4,nude
f10_4_downsampled.mp4,nude
e15_4_downsampled.mp4,nude
b5_1_upsampled.mp4,nude
b2_4_upsampled.mp4,nude
b12_4_downsampled.mp4,nude
c1_0_downsampled.mp4,nude
b15_3_downsampled.mp4,nude
a2_4_downsampled.mp4,nude
a1_0_upsampled.mp4,nude
f1_2_upsampled.mp4,nude
f7_1_upsampled.mp4,nude
e1_2_downsampled.mp4,nude
b4_0_downsampled.mp4,nude
b9_2_upsampled.mp4,nude
e1_1_downsampled.mp4,nude
a3_0_downsampled.mp4,nude
e11_0_upsampled.mp4,nude
d5_0_upsampled.mp4,nude
f3_3_upsampled.mp4,nude
e6_1_downsampled.mp4,nude
c2_1_downsampled.mp4,nude
f5_2_upsampled.mp4,nude
e6_0_downsampled.mp4,nude
e15_2_downsampled.mp4,nude
e8_3_upsampled.mp4,nude
f9_0_downsampled.mp4,nude
a1_3_upsampled.mp4,nude
b2_0_downsampled.mp4,nude
a1_2_upsampled.mp4,nude
e12_3_downsampled.mp4,nude
e16_0_upsampled.mp4,nude
c6_1_downsampled.mp4,nude
f7_4_downsampled.mp4,nude
c3_0_downsampled.mp4,nude
b13_3_upsampled.mp4,nude
b1_2_downsampled.mp4,nude
e9_2_downsampled.mp4,nude
e12_2_downsampled.mp4,nude
d5_2_downsampled.mp4,nude
e15_1_upsampled.mp4,nude
b9_4_upsampled.mp4,nude
c5_0_downsampled.mp4,nude
b1_0_upsampled.mp4,nude
c4_3_downsampled.mp4,nude
f2_0_downsampled.mp4,nude
d7_0_downsampled.mp4,nude
e14_1_upsampled.mp4,nude
f5_4_upsampled.mp4,nude
d8_0_upsampled.mp4,nude
e7_2_upsampled.mp4,nude
a1_4_downsampled.mp4,nude
e12_1_downsampled.mp4,nude
c2_1_upsampled.mp4,nude
a1_0_downsampled.mp4,nude
f9_1_downsampled.mp4,nude
e2_1_upsampled.mp4,nude
d8_1_upsampled.mp4,nude
a5_3_downsampled.mp4,nude
a3_1_upsampled.mp4,nude
f6_4_upsampled.mp4,nude
b11_2_upsampled.mp4,nude
a6_3_upsampled.mp4,nude
e9_4_upsampled.mp4,nude
e16_1_downsampled.mp4,nude
a7_3_downsampled.mp4,nude
f10_3_upsampled.mp4,nude
b13_1_upsampled.mp4,nude
b4_3_upsampled.mp4,nude
e9_3_upsampled.mp4,nude
e1_1_upsampled.mp4,nude
d4_3_downsampled.mp4,nude
b8_4_upsampled.mp4,nude
a5_1_downsampled.mp4,nude
a7_3_upsampled.mp4,nude
b3_3_downsampled.mp4,nude
b12_0_downsampled.mp4,nude
f4_0_downsampled.mp4,nude
e3_0_downsampled.mp4,nude
d3_3_downsampled.mp4,nude
f9_3_downsampled.mp4,nude
f2_0_upsampled.mp4,nude
f7_4_upsampled.mp4,nude
c1_3_upsampled.mp4,nude
b4_0_upsampled.mp4,nude
f3_0_downsampled.mp4,nude
e9_2_upsampled.mp4,nude
d4_4_upsampled.mp4,nude
b7_0_downsampled.mp4,nude
b7_1_upsampled.mp4,nude
f2_4_upsampled.mp4,nude
d2_3_upsampled.mp4,nude
a3_0_upsampled.mp4,nude
a7_0_upsampled.mp4,nude
b1_0_downsampled.mp4,nude
c4_2_downsampled.mp4,nude
b6_0_downsampled.mp4,nude
b8_4_downsampled.mp4,nude
e15_1_downsampled.mp4,nude
d10_4_downsampled.mp4,nude
d4_2_downsampled.mp4,nude
b5_4_upsampled.mp4,nude
f4_4_downsampled.mp4,nude
d6_2_downsampled.mp4,nude
c4_2_upsampled.mp4,nude
d6_3_upsampled.mp4,nude
f3_1_upsampled.mp4,nude
e11_0_downsampled.mp4,nude
d3_2_downsampled.mp4,nude
e15_3_downsampled.mp4,nude
e8_0_downsampled.mp4,nude
a6_0_upsampled.mp4,nude
d2_4_upsampled.mp4,nude
c1_1_upsampled.mp4,nude
a6_2_upsampled.mp4,nude
e8_3_downsampled.mp4,nude
e5_2_downsampled.mp4,nude
d3_1_upsampled.mp4,nude
a5_2_upsampled.mp4,nude
e10_4_downsampled.mp4,nude
f10_1_upsampled.mp4,nude
e2_4_upsampled.mp4,nude
b14_2_upsampled.mp4,nude
e1_0_upsampled.mp4,nude
a1_1_upsampled.mp4,nude
f4_4_upsampled.mp4,nude
d1_0_upsampled.mp4,nude
d9_3_downsampled.mp4,nude
d7_1_upsampled.mp4,nude
d9_1_downsampled.mp4,nude
a4_3_upsampled.mp4,nude
b3_4_downsampled.mp4,nude
b15_3_upsampled.mp4,nude
b5_4_downsampled.mp4,nude
b4_2_downsampled.mp4,nude
b8_0_upsampled.mp4,nude
d10_1_upsampled.mp4,nude
d4_1_upsampled.mp4,nude
a2_3_downsampled.mp4,nude
d9_1_upsampled.mp4,nude
d8_2_upsampled.mp4,nude
f7_0_upsampled.mp4,nude
a3_2_upsampled.mp4,nude
b6_4_upsampled.mp4,nude
e13_2_downsampled.mp4,nude
c6_4_upsampled.mp4,nude
a5_0_upsampled.mp4,nude
e4_2_downsampled.mp4,nude
d4_0_upsampled.mp4,nude
e7_2_downsampled.mp4,nude
d2_3_downsampled.mp4,nude
a3_4_downsampled.mp4,nude
e12_4_upsampled.mp4,nude
e1_4_upsampled.mp4,nude
b8_1_downsampled.mp4,nude
e9_3_downsampled.mp4,nude
e5_2_upsampled.mp4,nude
e7_1_downsampled.mp4,nude
f8_1_upsampled.mp4,nude
b9_0_upsampled.mp4,nude
f2_3_downsampled.mp4,nude
c3_2_upsampled.mp4,nude
a4_1_upsampled.mp4,nude
d1_4_downsampled.mp4,nude
b3_1_downsampled.mp4,nude
e2_2_downsampled.mp4,nude
e11_4_upsampled.mp4,nude
f2_2_downsampled.mp4,nude
d5_1_downsampled.mp4,nude
f5_3_upsampled.mp4,nude
e16_3_downsampled.mp4,nude
f8_4_downsampled.mp4,nude
e7_0_upsampled.mp4,nude
a2_1_upsampled.mp4,nude
e4_3_downsampled.mp4,nude
d8_2_downsampled.mp4,nude
f5_1_upsampled.mp4,nude
c1_2_upsampled.mp4,nude
b15_0_downsampled.mp4,nude
e16_3_upsampled.mp4,nude
e9_0_upsampled.mp4,nude
f4_2_upsampled.mp4,nude
f2_1_upsampled.mp4,nude
c2_2_upsampled.mp4,nude
a3_4_upsampled.mp4,nude
b10_1_upsampled.mp4,nude
a7_1_upsampled.mp4,nude
d4_3_upsampled.mp4,nude
f9_2_downsampled.mp4,nude
d10_0_downsampled.mp4,nude
e5_4_upsampled.mp4,nude
c5_1_upsampled.mp4,nude
b5_1_downsampled.mp4,nude
b2_1_upsampled.mp4,nude
c5_1_downsampled.mp4,nude
f8_3_upsampled.mp4,nude
c1_0_upsampled.mp4,nude
d10_2_downsampled.mp4,nude
b6_0_upsampled.mp4,nude
b14_4_upsampled.mp4,nude
b4_1_downsampled.mp4,nude
f11_1_downsampled.mp4,nude
b5_3_upsampled.mp4,nude
b9_3_upsampled.mp4,nude
b8_1_upsampled.mp4,nude
a2_2_upsampled.mp4,nude
b1_2_upsampled.mp4,nude
c3_1_downsampled.mp4,nude
c4_1_downsampled.mp4,nude
e13_2_upsampled.mp4,nude
f3_3_downsampled.mp4,nude
e10_3_upsampled.mp4,nude
a6_4_upsampled.mp4,nude
b12_2_downsampled.mp4,nude
f5_4_downsampled.mp4,nude
c2_2_downsampled.mp4,nude
f6_3_downsampled.mp4,nude
e8_4_upsampled.mp4,nude
c4_4_downsampled.mp4,nude
b10_4_upsampled.mp4,nude
f7_0_downsampled.mp4,nude
d10_1_downsampled.mp4,nude
a4_2_downsampled.mp4,nude
b11_0_upsampled.mp4,nude
a2_0_downsampled.mp4,nude
f4_1_downsampled.mp4,nude
d10_4_upsampled.mp4,nude
a3_1_downsampled.mp4,nude
b11_2_downsampled.mp4,nude
b15_1_downsampled.mp4,nude
b15_0_upsampled.mp4,nude
a5_3_upsampled.mp4,nude
c5_4_downsampled.mp4,nude
a4_4_downsampled.mp4,nude
a5_0_downsampled.mp4,nude
c4_4_upsampled.mp4,nude
b11_3_upsampled.mp4,nude
c6_2_downsampled.mp4,nude
c3_3_downsampled.mp4,nude
b13_4_upsampled.mp4,nude
e16_4_downsampled.mp4,nude
e3_1_upsampled.mp4,nude
b3_4_upsampled.mp4,nude
a3_3_upsampled.mp4,nude
e14_3_upsampled.mp4,nude
b11_4_downsampled.mp4,nude
e2_2_upsampled.mp4,nude
f6_2_downsampled.mp4,nude
f7_2_upsampled.mp4,nude
f1_0_upsampled.mp4,nude
a5_4_downsampled.mp4,nude
f5_3_downsampled.mp4,nude
b15_2_upsampled.mp4,nude
e1_3_downsampled.mp4,nude
b12_4_upsampled.mp4,nude
a6_1_downsampled.mp4,nude
b1_3_downsampled.mp4,nude
e7_3_upsampled.mp4,nude
a4_1_downsampled.mp4,nude
d4_0_downsampled.mp4,nude
b1_1_upsampled.mp4,nude
f4_0_upsampled.mp4,nude
f6_4_downsampled.mp4,nude
a2_1_downsampled.mp4,nude
d5_3_upsampled.mp4,nude
b2_2_downsampled.mp4,nude
e2_3_upsampled.mp4,nude
b13_1_downsampled.mp4,nude
e8_1_downsampled.mp4,nude
e8_0_upsampled.mp4,nude
c5_3_upsampled.mp4,nude
d8_4_downsampled.mp4,nude
a1_3_downsampled.mp4,nude
e3_0_upsampled.mp4,nude
a6_2_downsampled.mp4,nude
d9_0_upsampled.mp4,nude
e14_4_upsampled.mp4,nude
a2_2_downsampled.mp4,nude
c1_3_downsampled.mp4,nude
e11_2_downsampled.mp4,nude
f1_0_downsampled.mp4,nude
b3_3_upsampled.mp4,nude
f1_4_upsampled.mp4,nude
d8_3_downsampled.mp4,nude
c5_3_downsampled.mp4,nude
f4_3_downsampled.mp4,nude
f6_0_upsampled.mp4,nude
e14_0_downsampled.mp4,nude
e7_4_downsampled.mp4,nude
f3_0_upsampled.mp4,nude
b7_3_downsampled.mp4,nude
d6_4_upsampled.mp4,nude
d4_1_downsampled.mp4,nude
d1_3_upsampled.mp4,nude
e4_1_downsampled.mp4,nude
d3_2_upsampled.mp4,nude
f4_3_upsampled.mp4,nude
e1_2_upsampled.mp4,nude
b11_1_upsampled.mp4,nude
f2_3_upsampled.mp4,nude
b2_1_downsampled.mp4,nude
e10_1_upsampled.mp4,nude
e14_3_downsampled.mp4,nude
e4_0_upsampled.mp4,nude
b5_3_downsampled.mp4,nude
d2_2_upsampled.mp4,nude
e15_2_upsampled.mp4,nude
b7_1_downsampled.mp4,nude
e13_1_downsampled.mp4,nude
b13_2_downsampled.mp4,nude
d5_1_upsampled.mp4,nude
d10_3_upsampled.mp4,nude
d9_3_upsampled.mp4,nude
f2_1_downsampled.mp4,nude
c1_1_downsampled.mp4,nude
e11_1_upsampled.mp4,nude
d6_0_downsampled.mp4,nude
b6_1_downsampled.mp4,nude
f10_1_downsampled.mp4,nude
f11_0_downsampled.mp4,nude
d6_2_upsampled.mp4,nude
b1_3_upsampled.mp4,nude
f7_1_downsampled.mp4,nude
b13_0_downsampled.mp4,nude
b2_3_upsampled.mp4,nude
e4_4_upsampled.mp4,nude
f7_2_downsampled.mp4,nude
b1_4_upsampled.mp4,nude
e12_0_downsampled.mp4,nude
e4_1_upsampled.mp4,nude
c2_4_downsampled.mp4,nude
c4_0_upsampled.mp4,nude
c6_1_upsampled.mp4,nude
a4_3_downsampled.mp4,nude
c6_0_downsampled.mp4,nude
f4_2_downsampled.mp4,nude
d9_2_downsampled.mp4,nude
d6_0_upsampled.mp4,nude
b9_2_downsampled.mp4,nude
b8_2_upsampled.mp4,nude
a4_2_upsampled.mp4,nude
d1_3_downsampled.mp4,nude
a6_3_downsampled.mp4,nude
a1_1_downsampled.mp4,nude
e6_1_upsampled.mp4,nude
e12_0_upsampled.mp4,nude
b10_0_upsampled.mp4,nude
e16_0_downsampled.mp4,nude
d8_3_upsampled.mp4,nude
b2_4_downsampled.mp4,nude
b12_3_downsampled.mp4,nude
b14_3_upsampled.mp4,nude
b12_3_upsampled.mp4,nude
d2_1_downsampled.mp4,nude
a7_0_downsampled.mp4,nude
e10_2_upsampled.mp4,nude
a6_1_upsampled.mp4,nude
f6_3_upsampled.mp4,nude
d5_4_upsampled.mp4,nude
b3_0_upsampled.mp4,nude
b8_2_downsampled.mp4,nude
b14_3_downsampled.mp4,nude
b6_2_upsampled.mp4,nude
f6_0_downsampled.mp4,nude
d6_3_downsampled.mp4,nude
f6_1_upsampled.mp4,nude
a2_3_upsampled.mp4,nude
b13_4_downsampled.mp4,nude
b11_1_downsampled.mp4,nude
f3_4_downsampled.mp4,nude
e6_3_downsampled.mp4,nude
e15_4_upsampled.mp4,nude
e4_3_upsampled.mp4,nude
b7_4_upsampled.mp4,nude
e4_0_downsampled.mp4,nude
b13_2_upsampled.mp4,nude
b9_0_downsampled.mp4,nude
e13_3_downsampled.mp4,nude
d10_0_upsampled.mp4,nude
e14_2_downsampled.mp4,nude
e11_1_downsampled.mp4,nude
NV_19.mp4,normal
NV_366.mp4,normal
NV_196.mp4,normal
NV_349.mp4,normal
NV_111.mp4,normal
NV_352.mp4,normal
NV_353.mp4,normal
NV_249.mp4,normal
NV_160.mp4,normal
NV_90.mp4,normal
nonnude1.avi,normal
NV_244.mp4,normal
NV_354.mp4,normal
NV_108.mp4,normal
NV_66.mp4,normal
nonnude111_8.avi,normal
NV_98.mp4,normal
NV_324.mp4,normal
NV_269.mp4,normal
NV_54.mp4,normal
NV_365.mp4,normal
NV_379.mp4,normal
NV_319.mp4,normal
NV_255.mp4,normal
NV_210.mp4,normal
NV_133.mp4,normal
NV_186.mp4,normal
NV_295.mp4,normal
NV_185.mp4,normal
NV_50.mp4,normal
NV_84.mp4,normal
NV_309.mp4,normal
nonnude1_10.avi,normal
NV_377.mp4,normal
NV_240.mp4,normal
nnude_04.avi,normal
NV_135.mp4,normal
NV_14.mp4,normal
NV_342.mp4,normal
nnude_08.avi,normal
NV_105.mp4,normal
NV_204.mp4,normal
NV_80.mp4,normal
NV_30.mp4,normal
NV_92.mp4,normal
NV_125.mp4,normal
NV_343.mp4,normal
NV_237.mp4,normal
NV_203.mp4,normal
NV_375.mp4,normal
nn110.avi,normal
NV_262.mp4,normal
NV_325.mp4,normal
nonnude11_7.avi,normal
nonnude6.avi,normal
nnude_02.avi,normal
NV_408.mp4,normal
NV_150.mp4,normal
NV_276.mp4,normal
NV_121.mp4,normal
NV_97.mp4,normal
NV_134.mp4,normal
NV_234.mp4,normal
NV_74.mp4,normal
NV_328.mp4,normal
NV_254.mp4,normal
NV_136.mp4,normal
nnude_01.avi,normal
NV_83.mp4,normal
NV_307.mp4,normal
NV_9.mp4,normal
NV_181.mp4,normal
NV_5.mp4,normal
nonnude4.avi,normal
NV_168.mp4,normal
NV_312.mp4,normal
nonnude1_02.avi,normal
NV_24.mp4,normal
NV_189.mp4,normal
NV_394.mp4,normal
NV_241.mp4,normal
NV_99.mp4,normal
NV_171.mp4,normal
NV_154.mp4,normal
nnude_10.avi,normal
NV_264.mp4,normal
NV_291.mp4,normal
nnude_03.avi,normal
NV_70.mp4,normal
NV_310.mp4,normal
NV_147.mp4,normal
NV_296.mp4,normal
NV_20.mp4,normal
NV_156.mp4,normal
NV_386.mp4,normal
NV_288.mp4,normal
NV_275.mp4,normal
nonnude11_9.avi,normal
NV_294.mp4,normal
NV_72.mp4,normal
NV_336.mp4,normal
NV_37.mp4,normal
NV_331.mp4,normal
NV_409.mp4,normal
nonnude9.avi,normal
NV_285.mp4,normal
NV_395.mp4,normal
NV_300.mp4,normal
NV_370.mp4,normal
NV_86.mp4,normal
nonnude1108.avi,normal
NV_131.mp4,normal
nonnude11_6.avi,normal
nonnude111_3.avi,normal
NV_218.mp4,normal
NV_250.mp4,normal
NV_207.mp4,normal
NV_60.mp4,normal
NV_257.mp4,normal
NV_313.mp4,normal
NV_271.mp4,normal
NV_388.mp4,normal
NV_308.mp4,normal
NV_120.mp4,normal
nnu_1_1.avi,normal
NV_163.mp4,normal
NV_202.mp4,normal
NV_231.mp4,normal
NV_62.mp4,normal
NV_79.mp4,normal
NV_419.mp4,normal
NV_78.mp4,normal
NV_109.mp4,normal
NV_253.mp4,normal
NV_140.mp4,normal
NV_132.mp4,normal
NV_293.mp4,normal
NV_116.mp4,normal
NV_383.mp4,normal
NV_39.mp4,normal
NV_267.mp4,normal
NV_392.mp4,normal
NV_251.mp4,normal
NV_53.mp4,normal
NV_406.mp4,normal
NV_289.mp4,normal
NV_178.mp4,normal
NV_323.mp4,normal
NV_63.mp4,normal
nn12.avi,normal
nonnude10.avi,normal
NV_15.mp4,normal
NV_144.mp4,normal
NV_216.mp4,normal
NV_162.mp4,normal
NV_56.mp4,normal
nonnude1101.avi,normal
NV_16.mp4,normal
NV_172.mp4,normal
nonnude2.avi,normal
NV_57.mp4,normal
NV_283.mp4,normal
nonnude1_09.avi,normal
nonnude1_06.avi,normal
NV_286.mp4,normal
nonnude111_9.avi,normal
NV_228.mp4,normal
NV_382.mp4,normal
nonnude3.avi,normal
NV_35.mp4,normal
NV_361.mp4,normal
NV_314.mp4,normal
NV_348.mp4,normal
NV_335.mp4,normal
NV_223.mp4,normal
NV_177.mp4,normal
NV_123.mp4,normal
NV_206.mp4,normal
NV_209.mp4,normal
NV_2.mp4,normal
NV_242.mp4,normal
NV_266.mp4,normal
NV_148.mp4,normal
NV_389.mp4,normal
NV_87.mp4,normal
nn17.avi,normal
NV_49.mp4,normal
NV_226.mp4,normal
NV_145.mp4,normal
NV_82.mp4,normal
NV_346.mp4,normal
NV_96.mp4,normal
NV_7.mp4,normal
NV_341.mp4,normal
nonnude1_03.avi,normal
NV_407.mp4,normal
NV_33.mp4,normal
NV_69.mp4,normal
NV_311.mp4,normal
NV_340.mp4,normal
NV_58.mp4,normal
NV_26.mp4,normal
nonnude11_2.avi,normal
NV_397.mp4,normal
NV_25.mp4,normal
NV_151.mp4,normal
NV_211.mp4,normal
NV_155.mp4,normal
NV_243.mp4,normal
nonnude1_04.avi,normal
NV_23.mp4,normal
NV_32.mp4,normal
NV_220.mp4,normal
NV_339.mp4,normal
NV_399.mp4,normal
nonnude1106.avi,normal
NV_198.mp4,normal
nonnude1107.avi,normal
NV_44.mp4,normal
NV_279.mp4,normal
NV_280.mp4,normal
NV_201.mp4,normal
NV_263.mp4,normal
NV_174.mp4,normal
NV_380.mp4,normal
NV_102.mp4,normal
NV_316.mp4,normal
NV_371.mp4,normal
nnude_06.avi,normal
NV_73.mp4,normal
NV_358.mp4,normal
NV_12.mp4,normal
NV_305.mp4,normal
NV_337.mp4,normal
NV_367.mp4,normal
NV_246.mp4,normal
NV_277.mp4,normal
NV_3.mp4,normal
NV_176.mp4,normal
NV_142.mp4,normal
NV_261.mp4,normal
NV_233.mp4,normal
nonnude11_1.avi,normal
NV_51.mp4,normal
NV_410.mp4,normal
nn14.avi,normal
nonnude1_07.avi,normal
NV_68.mp4,normal
NV_104.mp4,normal
nonnude11_8.avi,normal
NV_93.mp4,normal
NV_29.mp4,normal
NV_130.mp4,normal
NV_299.mp4,normal
nonnude1_05.avi,normal
NV_333.mp4,normal
NV_229.mp4,normal
NV_17.mp4,normal
NV_152.mp4,normal
NV_404.mp4,normal
NV_85.mp4,normal
NV_302.mp4,normal
NV_193.mp4,normal
NV_227.mp4,normal
NV_338.mp4,normal
NV_381.mp4,normal
NV_239.mp4,normal
NV_36.mp4,normal
NV_28.mp4,normal
nnu_1_5.avi,normal
NV_205.mp4,normal
NV_129.mp4,normal
nnu_1_8.avi,normal
NV_119.mp4,normal
NV_372.mp4,normal
NV_415.mp4,normal
NV_284.mp4,normal
NV_321.mp4,normal
nonnude1102.avi,normal
NV_387.mp4,normal
NV_232.mp4,normal
NV_137.mp4,normal
NV_55.mp4,normal
nonnude111_1.avi,normal
NV_183.mp4,normal
NV_318.mp4,normal
NV_230.mp4,normal
NV_248.mp4,normal
NV_326.mp4,normal
NV_43.mp4,normal
NV_327.mp4,normal
NV_378.mp4,normal
nnu_1_7.avi,normal
NV_303.mp4,normal
NV_91.mp4,normal
NV_214.mp4,normal
NV_192.mp4,normal
NV_45.mp4,normal
NV_65.mp4,normal
nn16.avi,normal
NV_153.mp4,normal
NV_107.mp4,normal
nonnude7.avi,normal
nonnude1109.avi,normal
NV_329.mp4,normal
nn13.avi,normal
nonnude111_7.avi,normal
NV_138.mp4,normal
NV_1.mp4,normal
NV_414.mp4,normal
nn19.avi,normal
NV_364.mp4,normal
nonnude1103.avi,normal
NV_115.mp4,normal
nn18.avi,normal
NV_290.mp4,normal
NV_100.mp4,normal
nonnude11_5.avi,normal
NV_128.mp4,normal
NV_184.mp4,normal
nonnude1_08.avi,normal
NV_247.mp4,normal
nn15.avi,normal
NV_260.mp4,normal
NV_75.mp4,normal
nnude_09.avi,normal
NV_22.mp4,normal
NV_199.mp4,normal
NV_344.mp4,normal
NV_122.mp4,normal
NV_166.mp4,normal
nonnude11_10.avi,normal
NV_10.mp4,normal
NV_188.mp4,normal
NV_355.mp4,normal
NV_350.mp4,normal
NV_332.mp4,normal
NV_315.mp4,normal
NV_126.mp4,normal
NV_110.mp4,normal
NV_403.mp4,normal
NV_345.mp4,normal
NV_106.mp4,normal
NV_330.mp4,normal
NV_270.mp4,normal
nonnude111_10.avi,normal
NV_41.mp4,normal
NV_259.mp4,normal
NV_77.mp4,normal
nnu_1_10.avi,normal
nonnude111_6.avi,normal
NV_413.mp4,normal
NV_52.mp4,normal
NV_225.mp4,normal
NV_141.mp4,normal
nonnude111_2.avi,normal
NV_112.mp4,normal
NV_385.mp4,normal
NV_200.mp4,normal
NV_213.mp4,normal
nn11.avi,normal
NV_159.mp4,normal
NV_357.mp4,normal
NV_384.mp4,normal
NV_221.mp4,normal
NV_390.mp4,normal
NV_306.mp4,normal
NV_18.mp4,normal
NV_95.mp4,normal
NV_298.mp4,normal
nonnude1_01.avi,normal
NV_81.mp4,normal
NV_217.mp4,normal
NV_212.mp4,normal
NV_165.mp4,normal
NV_38.mp4,normal
NV_11.mp4,normal
NV_169.mp4,normal
NV_190.mp4,normal
NV_88.mp4,normal
NV_282.mp4,normal
NV_304.mp4,normal
NV_8.mp4,normal
NV_173.mp4,normal
NV_114.mp4,normal
NV_64.mp4,normal
NV_182.mp4,normal
NV_194.mp4,normal
NV_235.mp4,normal
NV_400.mp4,normal
NV_393.mp4,normal
nnu_1_2.avi,normal
NV_287.mp4,normal
NV_373.mp4,normal
nonnude111_5.avi,normal
NV_238.mp4,normal
NV_47.mp4,normal
NV_256.mp4,normal
NV_215.mp4,normal
NV_124.mp4,normal
NV_21.mp4,normal
NV_143.mp4,normal
NV_268.mp4,normal
NV_46.mp4,normal
NV_356.mp4,normal
NV_416.mp4,normal
NV_179.mp4,normal
NV_265.mp4,normal
NV_180.mp4,normal
NV_191.mp4,normal
NV_347.mp4,normal
NV_127.mp4,normal
NV_103.mp4,normal
NV_31.mp4,normal
NV_48.mp4,normal
NV_362.mp4,normal
NV_334.mp4,normal
nnude_07.avi,normal
NV_27.mp4,normal
NV_273.mp4,normal
NV_224.mp4,normal
NV_167.mp4,normal
NV_281.mp4,normal
NV_149.mp4,normal
NV_94.mp4,normal
nonnude8.avi,normal
NV_301.mp4,normal
NV_6.mp4,normal
NV_418.mp4,normal
NV_292.mp4,normal
NV_118.mp4,normal
nonnude11_4.avi,normal
NV_376.mp4,normal
NV_34.mp4,normal
nonnude1104.avi,normal
nonnude11_3.avi,normal
nnu_1_3.avi,normal
NV_401.mp4,normal
NV_219.mp4,normal
NV_391.mp4,normal
NV_322.mp4,normal
NV_76.mp4,normal
NV_417.mp4,normal
NV_139.mp4,normal
NV_368.mp4,normal
NV_258.mp4,normal
NV_195.mp4,normal
NV_101.mp4,normal
NV_197.mp4,normal
NV_4.mp4,normal
NV_359.mp4,normal
NV_369.mp4,normal
NV_360.mp4,normal
NV_164.mp4,normal
NV_67.mp4,normal
NV_272.mp4,normal
NV_175.mp4,normal
NV_402.mp4,normal
NV_274.mp4,normal
NV_170.mp4,normal
NV_411.mp4,normal
NV_297.mp4,normal
NV_320.mp4,normal
nonnude111_4.avi,normal
NV_351.mp4,normal
NV_158.mp4,normal
nonnude1105.avi,normal
NV_146.mp4,normal
NV_13.mp4,normal
NV_278.mp4,normal
NV_398.mp4,normal
nnu_1_6.avi,normal
nnu_1_9.avi,normal
NV_161.mp4,normal
NV_208.mp4,normal
NV_61.mp4,normal
NV_245.mp4,normal
NV_317.mp4,normal
NV_363.mp4,normal
NV_405.mp4,normal
NV_40.mp4,normal
NV_117.mp4,normal
NV_412.mp4,normal
NV_89.mp4,normal
NV_396.mp4,normal
NV_113.mp4,normal
NV_252.mp4,normal
NV_222.mp4,normal
NV_187.mp4,normal
NV_42.mp4,normal
nonnude1110.avi,normal
NV_157.mp4,normal
NV_236.mp4,normal
nnude_05.avi,normal
NV_59.mp4,normal
nonnude5.avi,normal
NV_71.mp4,normal
NV_374.mp4,normal
nnu_1_4.avi,normal
V_139.mp4,Violence
V_162.mp4,Violence
V_481.mp4,Violence
V_55.mp4,Violence
V_114.mp4,Violence
V_330.mp4,Violence
V_18.mp4,Violence
V_432.mp4,Violence
V_196.mp4,Violence
V_185.mp4,Violence
V_351.mp4,Violence
V_120.mp4,Violence
V_366.mp4,Violence
V_46.mp4,Violence
V_363.mp4,Violence
V_100.mp4,Violence
V_59.mp4,Violence
V_225.mp4,Violence
V_40.mp4,Violence
V_404.mp4,Violence
V_205.mp4,Violence
V_302.mp4,Violence
V_427.mp4,Violence
V_44.mp4,Violence
V_73.mp4,Violence
V_452.mp4,Violence
V_169.mp4,Violence
V_319.mp4,Violence
V_168.mp4,Violence
V_3.mp4,Violence
V_56.mp4,Violence
V_477.mp4,Violence
V_235.mp4,Violence
V_248.mp4,Violence
V_251.mp4,Violence
V_203.mp4,Violence
V_346.mp4,Violence
V_295.mp4,Violence
V_456.mp4,Violence
V_416.mp4,Violence
V_483.mp4,Violence
V_289.mp4,Violence
V_379.mp4,Violence
V_164.mp4,Violence
V_307.mp4,Violence
V_397.mp4,Violence
V_323.mp4,Violence
V_301.mp4,Violence
V_343.mp4,Violence
V_223.mp4,Violence
V_413.mp4,Violence
V_167.mp4,Violence
V_107.mp4,Violence
V_92.mp4,Violence
V_281.mp4,Violence
V_30.mp4,Violence
V_303.mp4,Violence
V_273.mp4,Violence
V_261.mp4,Violence
V_211.mp4,Violence
V_125.mp4,Violence
V_152.mp4,Violence
V_61.mp4,Violence
V_414.mp4,Violence
V_50.mp4,Violence
V_274.mp4,Violence
V_58.mp4,Violence
V_35.mp4,Violence
V_149.mp4,Violence
V_104.mp4,Violence
V_32.mp4,Violence
V_190.mp4,Violence
V_316.mp4,Violence
V_286.mp4,Violence
V_466.mp4,Violence
V_138.mp4,Violence
V_352.mp4,Violence
V_373.mp4,Violence
V_88.mp4,Violence
V_479.mp4,Violence
V_314.mp4,Violence
V_51.mp4,Violence
V_64.mp4,Violence
V_485.mp4,Violence
V_420.mp4,Violence
V_140.mp4,Violence
V_331.mp4,Violence
V_233.mp4,Violence
V_480.mp4,Violence
V_291.mp4,Violence
V_297.mp4,Violence
V_231.mp4,Violence
V_249.mp4,Violence
V_191.mp4,Violence
V_72.mp4,Violence
V_158.mp4,Violence
V_188.mp4,Violence
V_83.mp4,Violence
V_14.mp4,Violence
V_96.mp4,Violence
V_266.mp4,Violence
V_412.mp4,Violence
V_418.mp4,Violence
V_134.mp4,Violence
V_180.mp4,Violence
V_9.mp4,Violence
V_186.mp4,Violence
V_39.mp4,Violence
V_161.mp4,Violence
V_391.mp4,Violence
V_341.mp4,Violence
V_93.mp4,Violence
V_187.mp4,Violence
V_66.mp4,Violence
V_178.mp4,Violence
V_348.mp4,Violence
V_499.mp4,Violence
V_280.mp4,Violence
V_204.mp4,Violence
V_358.mp4,Violence
V_430.mp4,Violence
V_383.mp4,Violence
V_82.mp4,Violence
V_270.mp4,Violence
V_244.mp4,Violence
V_166.mp4,Violence
V_242.mp4,Violence
V_408.mp4,Violence
V_406.mp4,Violence
V_195.mp4,Violence
V_230.mp4,Violence
V_160.mp4,Violence
V_43.mp4,Violence
V_425.mp4,Violence
V_338.mp4,Violence
V_154.mp4,Violence
V_71.mp4,Violence
V_461.mp4,Violence
V_13.mp4,Violence
V_38.mp4,Violence
V_345.mp4,Violence
V_115.mp4,Violence
V_325.mp4,Violence
V_399.mp4,Violence
V_108.mp4,Violence
V_472.mp4,Violence
V_470.mp4,Violence
V_497.mp4,Violence
V_493.mp4,Violence
V_344.mp4,Violence
V_436.mp4,Violence
V_279.mp4,Violence
V_218.mp4,Violence
V_440.mp4,Violence
V_308.mp4,Violence
V_487.mp4,Violence
V_183.mp4,Violence
V_311.mp4,Violence
V_241.mp4,Violence
V_150.mp4,Violence
V_68.mp4,Violence
V_410.mp4,Violence
V_41.mp4,Violence
V_217.mp4,Violence
V_458.mp4,Violence
V_283.mp4,Violence
V_500.mp4,Violence
V_89.mp4,Violence
V_5.mp4,Violence
V_259.mp4,Violence
V_143.mp4,Violence
V_246.mp4,Violence
V_15.mp4,Violence
V_393.mp4,Violence
V_465.mp4,Violence
V_224.mp4,Violence
V_2.mp4,Violence
V_175.mp4,Violence
V_429.mp4,Violence
V_243.mp4,Violence
V_256.mp4,Violence
V_315.mp4,Violence
V_288.mp4,Violence
V_396.mp4,Violence
V_81.mp4,Violence
V_494.mp4,Violence
V_176.mp4,Violence
V_80.mp4,Violence
V_374.mp4,Violence
V_423.mp4,Violence
V_124.mp4,Violence
V_239.mp4,Violence
V_157.mp4,Violence
V_381.mp4,Violence
V_221.mp4,Violence
V_182.mp4,Violence
V_220.mp4,Violence
V_147.mp4,Violence
V_498.mp4,Violence
V_476.mp4,Violence
V_229.mp4,Violence
V_113.mp4,Violence
V_473.mp4,Violence
V_328.mp4,Violence
V_33.mp4,Violence
V_262.mp4,Violence
V_12.mp4,Violence
V_445.mp4,Violence
V_60.mp4,Violence
V_95.mp4,Violence
V_63.mp4,Violence
V_489.mp4,Violence
V_76.mp4,Violence
V_193.mp4,Violence
V_269.mp4,Violence
V_263.mp4,Violence
V_155.mp4,Violence
V_219.mp4,Violence
V_278.mp4,Violence
V_53.mp4,Violence
V_334.mp4,Violence
V_382.mp4,Violence
V_490.mp4,Violence
V_469.mp4,Violence
V_110.mp4,Violence
V_377.mp4,Violence
V_54.mp4,Violence
V_103.mp4,Violence
V_454.mp4,Violence
V_141.mp4,Violence
V_212.mp4,Violence
V_438.mp4,Violence
V_121.mp4,Violence
V_277.mp4,Violence
V_156.mp4,Violence
V_360.mp4,Violence
V_321.mp4,Violence
V_448.mp4,Violence
V_309.mp4,Violence
V_486.mp4,Violence
V_216.mp4,Violence
V_364.mp4,Violence
V_401.mp4,Violence
V_208.mp4,Violence
V_356.mp4,Violence
V_4.mp4,Violence
V_271.mp4,Violence
V_78.mp4,Violence
V_240.mp4,Violence
V_296.mp4,Violence
V_197.mp4,Violence
V_335.mp4,Violence
V_232.mp4,Violence
V_265.mp4,Violence
V_19.mp4,Violence
V_123.mp4,Violence
V_285.mp4,Violence
V_97.mp4,Violence
V_165.mp4,Violence
V_181.mp4,Violence
V_52.mp4,Violence
V_455.mp4,Violence
V_236.mp4,Violence
V_126.mp4,Violence
V_163.mp4,Violence
V_102.mp4,Violence
V_252.mp4,Violence
V_77.mp4,Violence
V_36.mp4,Violence
V_327.mp4,Violence
V_267.mp4,Violence
V_28.mp4,Violence
V_453.mp4,Violence
V_209.mp4,Violence
V_370.mp4,Violence
V_255.mp4,Violence
V_424.mp4,Violence
V_492.mp4,Violence
V_318.mp4,Violence
V_361.mp4,Violence
V_433.mp4,Violence
V_459.mp4,Violence
V_491.mp4,Violence
V_234.mp4,Violence
V_275.mp4,Violence
V_247.mp4,Violence
V_25.mp4,Violence
V_312.mp4,Violence
V_6.mp4,Violence
V_496.mp4,Violence
V_457.mp4,Violence
V_75.mp4,Violence
V_354.mp4,Violence
V_495.mp4,Violence
V_258.mp4,Violence
V_222.mp4,Violence
V_475.mp4,Violence
V_99.mp4,Violence
V_228.mp4,Violence
V_135.mp4,Violence
V_215.mp4,Violence
V_403.mp4,Violence
V_368.mp4,Violence
V_282.mp4,Violence
V_206.mp4,Violence
V_142.mp4,Violence
V_26.mp4,Violence
V_431.mp4,Violence
V_62.mp4,Violence
V_468.mp4,Violence
V_254.mp4,Violence
V_349.mp4,Violence
V_462.mp4,Violence
V_421.mp4,Violence
V_290.mp4,Violence
V_29.mp4,Violence
V_79.mp4,Violence
V_375.mp4,Violence
V_237.mp4,Violence
V_20.mp4,Violence
V_17.mp4,Violence
V_184.mp4,Violence
V_372.mp4,Violence
V_250.mp4,Violence
V_199.mp4,Violence
V_264.mp4,Violence
V_86.mp4,Violence
V_446.mp4,Violence
V_409.mp4,Violence
V_398.mp4,Violence
V_471.mp4,Violence
V_145.mp4,Violence
V_22.mp4,Violence
V_310.mp4,Violence
V_444.mp4,Violence
V_128.mp4,Violence
V_447.mp4,Violence
V_37.mp4,Violence
V_202.mp4,Violence
V_350.mp4,Violence
V_117.mp4,Violence
V_405.mp4,Violence
V_384.mp4,Violence
V_227.mp4,Violence
V_365.mp4,Violence
V_148.mp4,Violence
V_484.mp4,Violence
V_426.mp4,Violence
V_118.mp4,Violence
V_449.mp4,Violence
V_292.mp4,Violence
V_260.mp4,Violence
V_463.mp4,Violence
V_67.mp4,Violence
V_214.mp4,Violence
V_173.mp4,Violence
V_189.mp4,Violence
V_367.mp4,Violence
V_105.mp4,Violence
V_380.mp4,Violence
V_1.mp4,Violence
V_45.mp4,Violence
V_369.mp4,Violence
V_322.mp4,Violence
V_27.mp4,Violence
V_106.mp4,Violence
V_390.mp4,Violence
V_395.mp4,Violence
V_171.mp4,Violence
V_129.mp4,Violence
V_474.mp4,Violence
V_200.mp4,Violence
V_422.mp4,Violence
V_400.mp4,Violence
V_207.mp4,Violence
V_69.mp4,Violence
V_257.mp4,Violence
V_172.mp4,Violence
V_329.mp4,Violence
V_57.mp4,Violence
V_10.mp4,Violence
V_151.mp4,Violence
V_488.mp4,Violence
V_306.mp4,Violence
V_23.mp4,Violence
V_144.mp4,Violence
V_146.mp4,Violence
V_437.mp4,Violence
V_11.mp4,Violence
V_101.mp4,Violence
V_434.mp4,Violence
V_339.mp4,Violence
V_392.mp4,Violence
V_441.mp4,Violence
V_47.mp4,Violence
V_333.mp4,Violence
V_419.mp4,Violence
V_407.mp4,Violence
V_313.mp4,Violence
V_112.mp4,Violence
V_340.mp4,Violence
V_378.mp4,Violence
V_194.mp4,Violence
V_411.mp4,Violence
V_133.mp4,Violence
V_159.mp4,Violence
V_198.mp4,Violence
V_478.mp4,Violence
V_7.mp4,Violence
V_320.mp4,Violence
V_450.mp4,Violence
V_305.mp4,Violence
V_439.mp4,Violence
V_460.mp4,Violence
V_294.mp4,Violence
V_336.mp4,Violence
V_31.mp4,Violence
V_388.mp4,Violence
V_467.mp4,Violence
V_482.mp4,Violence
V_132.mp4,Violence
V_116.mp4,Violence
V_394.mp4,Violence
V_48.mp4,Violence
V_253.mp4,Violence
V_299.mp4,Violence
V_131.mp4,Violence
V_90.mp4,Violence
V_287.mp4,Violence
V_24.mp4,Violence
V_355.mp4,Violence
V_210.mp4,Violence
V_84.mp4,Violence
V_342.mp4,Violence
V_21.mp4,Violence
V_272.mp4,Violence
V_428.mp4,Violence
V_347.mp4,Violence
V_451.mp4,Violence
V_353.mp4,Violence
V_119.mp4,Violence
V_87.mp4,Violence
V_326.mp4,Violence
V_16.mp4,Violence
V_304.mp4,Violence
V_174.mp4,Violence
V_357.mp4,Violence
V_137.mp4,Violence
V_276.mp4,Violence
V_226.mp4,Violence
V_300.mp4,Violence
V_362.mp4,Violence
V_177.mp4,Violence
V_213.mp4,Violence
V_34.mp4,Violence
V_417.mp4,Violence
V_268.mp4,Violence
V_238.mp4,Violence
V_324.mp4,Violence
V_435.mp4,Violence
V_376.mp4,Violence
V_386.mp4,Violence
V_122.mp4,Violence
V_74.mp4,Violence
V_109.mp4,Violence
V_70.mp4,Violence
V_442.mp4,Violence
V_359.mp4,Violence
V_389.mp4,Violence
V_337.mp4,Violence
V_98.mp4,Violence
V_179.mp4,Violence
V_317.mp4,Violence
V_42.mp4,Violence
V_153.mp4,Violence
V_111.mp4,Violence
V_371.mp4,Violence
V_127.mp4,Violence
V_245.mp4,Violence
V_293.mp4,Violence
V_298.mp4,Violence
V_387.mp4,Violence
V_201.mp4,Violence
V_85.mp4,Violence
V_94.mp4,Violence
V_415.mp4,Violence
V_443.mp4,Violence
V_8.mp4,Violence
V_332.mp4,Violence
V_136.mp4,Violence
V_65.mp4,Violence
V_91.mp4,Violence
V_284.mp4,Violence
V_170.mp4,Violence
V_464.mp4,Violence
V_402.mp4,Violence
V_130.mp4,Violence
V_192.mp4,Violence
V_385.mp4,Violence
V_49.mp4,Violence
